{
    "type": "minecraft:jigsaw",
    "start_pool": "minecraft:stronghold/portal_room",
    "size": 1,
    "biomes": "#minecraft:has_structure/ruined_portal_nether",
    "adapt_noise": true,
    "spawn_overrides": {},
    "step": "surface_structures",
    "terrain_adaptation": "beard_thin",
    "start_height": {
      "type": "minecraft:uniform",
      "min_inclusive": { "absolute": -10 },
      "max_inclusive": { "absolute": -10 }
    },
    "project_start_to_heightmap": "WORLD_SURFACE_WG",
    "max_distance_from_center": 80,
    "use_expansion_hack": false
  }  